name,formula,category,use
Water,H2O,Common molecules,The universal solvent and the most common reference compound in stoichiometry problems.
Carbon dioxide,CO2,Gases,Produced by respiration and combustion; used in carbonated drinks and fire extinguishers.
Oxygen,O2,Gases,Diatomic gas essential for respiration and combustion.
Nitrogen,N2,Gases,Makes up about 78% of air and is used as an inert atmosphere in food packaging.
Ozone,O3,Gases,Forms the stratospheric ozone layer and is used to disinfect water.
Ammonia,NH3,Gases,Starting material for most nitrogen fertilizers via the Haber process.
Methane,CH4,Organic compounds,Main component of natural gas.
Propane,C3H8,Organic compounds,Bottled fuel gas for cooking and heating.
Ethylene,C2H4,Organic compounds,Plant hormone that ripens fruit and the monomer for polyethylene.
Ethanol,C2H5OH,Organic compounds,Alcohol in beverages and a common lab solvent and fuel additive.
Acetone,C3H6O,Organic compounds,Fast-evaporating solvent found in nail polish remover.
Benzene,C6H6,Organic compounds,Aromatic hydrocarbon used as a feedstock for plastics and dyes.
Acetic acid,CH3COOH,Acids,The acid in vinegar.
Glucose,C6H12O6,Organic compounds,Blood sugar and the main energy source for cells.
Sucrose,C12H22O11,Organic compounds,Table sugar refined from sugarcane and sugar beet.
Aspirin,C9H8O4,Organic compounds,Pain reliever and anti-inflammatory drug (acetylsalicylic acid).
Caffeine,C8H10N4O2,Organic compounds,Stimulant found in coffee and tea.
Urea,CO(NH2)2,Organic compounds,High-nitrogen fertilizer and the main nitrogen waste in urine.
Hydrochloric acid,HCl,Acids,Strong acid found in stomach juice and used to clean steel.
Sulfuric acid,H2SO4,Acids,The most produced industrial chemical; used in fertilizers and car batteries.
Nitric acid,HNO3,Acids,Strong oxidizing acid used to make nitrate fertilizers.
Phosphoric acid,H3PO4,Acids,Used in phosphate fertilizers and as an acidulant in soft drinks.
Sodium hydroxide,NaOH,Bases,Caustic soda; used in soap making and drain cleaners.
Potassium hydroxide,KOH,Bases,Used in liquid soaps and alkaline batteries.
Calcium hydroxide,Ca(OH)2,Bases,Slaked lime; used in mortar and to raise soil pH.
Sodium chloride,NaCl,Salts,Table salt.
Potassium chloride,KCl,Salts,Potash fertilizer and a salt substitute.
Calcium chloride,CaCl2,Salts,De-icing agent and drying agent in labs.
Calcium carbonate,CaCO3,Salts,Limestone and chalk; also used as an antacid.
Sodium carbonate,Na2CO3,Salts,Washing soda used in glassmaking and detergents.
Sodium bicarbonate,NaHCO3,Salts,Baking soda; a leavening agent and mild antacid.
Sodium sulfate,Na2SO4,Salts,Filler in powdered detergents and used in paper pulping.
Magnesium sulfate,MgSO4,Salts,Anhydrous Epsom salt; used as a drying agent and magnesium fertilizer.
Copper(II) sulfate,CuSO4,Salts,Fungicide and algaecide; the white anhydrous powder turns blue when hydrated.
Iron(II) sulfate,FeSO4,Salts,Iron supplement and a treatment for iron-deficient soils.
Barium sulfate,BaSO4,Salts,Insoluble salt used as a contrast agent in X-ray imaging.
Potassium nitrate,KNO3,Salts,Fertilizer and a food preservative.
Silver nitrate,AgNO3,Salts,Used in the classic chloride test and in early photography.
Ammonium nitrate,NH4NO3,Salts,High-nitrogen fertilizer.
Ammonium sulfate,(NH4)2SO4,Salts,Nitrogen and sulfur fertilizer for alkaline soils.
Lead(II) nitrate,Pb(NO3)2,Salts,Common lab reagent in precipitation experiments.
Aluminium sulfate,Al2(SO4)3,Salts,Flocculant used to clear drinking water.
Potassium permanganate,KMnO4,Salts,Strong oxidizer used in titrations and water treatment.
Potassium dichromate,K2Cr2O7,Salts,Orange oxidizing agent used in redox titrations.
Copper(II) sulfate pentahydrate,CuSO4·5H2O,Hydrates,Blue vitriol; the bright blue crystals seen in school labs.
Magnesium sulfate heptahydrate,MgSO4·7H2O,Hydrates,The hydrated form sold as Epsom salt for baths.
Iron(III) oxide,Fe2O3,Oxides,Rust and the red pigment in many paints.
Magnesium oxide,MgO,Oxides,Heat-resistant refractory material and an antacid.
Zinc oxide,ZnO,Oxides,White pigment and the active ingredient in mineral sunscreen.
Silicon dioxide,SiO2,Oxides,Quartz and sand; the main raw material for glass.
Hydrogen peroxide,H2O2,Common molecules,Mild antiseptic and bleaching agent.
